x,y,z
-800,0,10
-800,0,20
-800,0,30
-800,0,40
-800,0,50
-800,0,60
-800,0,70
-800,0,75
-800,0,75.0
-790,0,41.671875
-780,0,9.1875
-770,0,-22.453125
-760,0,-53.25
-750,0,-83.203125
-740,0,-112.3125
-730,0,-140.578125
-720,0,-168.0
-710,0,-194.578125
-700,0,-220.3125
-690,0,-245.20312499999977
-680,0,-269.2499999999998
-670,0,-292.4531249999998
-660,0,-314.8124999999998
-650,0,-336.3281249999998
-640,0,-357.0
-630,0,-376.828125
-620,0,-395.8125
-610,0,-413.953125
-600,0,-431.25
-590,0,-447.703125
-580,0,-463.3125
-570,0,-478.078125
-560,0,-492.0
-550,0,-505.078125
-540,0,-517.3125
-530,0,-528.703125
-520,0,-539.25
-510,0,-548.953125
-500,0,-557.8125
-490,0,-565.8281249999999
-480,0,-572.9999999999999
-470,0,-579.3281249999999
-460,0,-584.8124999999999
-450,0,-589.453125
-440,0,-593.25
-430,0,-596.203125
-420,0,-598.3125
-410,0,-599.578125
-400,0,-600.0
-390,0,-599.578125
-380,0,-598.3125
-370,0,-596.203125
-360,0,-593.25
-350,0,-589.453125
-340,0,-584.8125
-330,0,-579.328125
-320,0,-573.0
-310,0,-565.828125
-300,0,-557.8125
-290,0,-548.953125
-280,0,-539.25
-270,0,-528.703125
-260,0,-517.3125
-250,0,-505.078125
-240,0,-492.0
-230,0,-478.078125
-220,0,-463.3125
-210,0,-447.703125
-200,0,-431.25
-190,0,-413.953125
-180,0,-395.8125
-170,0,-376.828125
-160,0,-357.0
-150,0,-336.328125
-140,0,-314.8125
-130,0,-292.453125
-120,0,-269.25
-110,0,-245.203125
-100,0,-220.3125
-90,0,-194.578125
-80,0,-168.0
-70,0,-140.578125
-60,0,-112.3125
-50,0,-83.203125
-40,0,-53.25
-30,0,-22.453125
-20,0,9.1875
-10,0,41.671875
0,0,10
0,0,20
0,0,30
0,0,40
0,0,50
0,0,60
0,0,70
0,0,75
-800,0,85
-800,0,95
-800,0,105
-800,0,115
-800,0,125
-800,0,135
-800,0,145
-800,0,150
-800,0,150.00000000000068
-790,0,116.86505190311459
-780,0,84.51903114186848
-770,0,52.96193771626326
-760,0,22.193771626298023
-750,0,-7.7854671280276815
-740,0,-36.9757785467125
-730,0,-65.37716262975732
-720,0,-92.98961937716263
-710,0,-119.81314878892704
-700,0,-145.8477508650517
-690,0,-171.09342560553614
-680,0,-195.55017301038038
-670,0,-219.21799307958463
-660,0,-242.09688581314845
-650,0,-264.1868512110723
-640,0,-285.48788927335613
-630,0,-305.9999999999998
-620,0,-325.7231833910032
-610,0,-344.65743944636665
-600,0,-362.80276816608966
-590,0,-380.1591695501727
-580,0,-396.72664359861574
-570,0,-412.5051903114186
-560,0,-427.494809688581
-550,0,-441.6955017301036
-540,0,-455.10726643598605
-530,0,-467.73010380622804
-520,0,-479.5640138408303
-510,0,-490.6089965397923
-500,0,-500.865051903114
-490,0,-510.33217993079563
-480,0,-519.0103806228373
-470,0,-526.8996539792386
-460,0,-533.9999999999998
-450,0,-540.311418685121
-440,0,-545.8339100346019
-430,0,-550.5674740484427
-420,0,-554.5121107266435
-410,0,-557.667820069204
-400,0,-560.0346020761243
-390,0,-561.6124567474048
-380,0,-562.4013840830448
-370,0,-562.4013840830448
-360,0,-561.6124567474048
-350,0,-560.0346020761244
-340,0,-557.667820069204
-330,0,-554.5121107266434
-320,0,-550.5674740484428
-310,0,-545.833910034602
-300,0,-540.311418685121
-290,0,-534.0
-280,0,-526.8996539792386
-270,0,-519.0103806228374
-260,0,-510.3321799307958
-250,0,-500.86505190311414
-240,0,-490.6089965397923
-230,0,-479.56401384083034
-220,0,-467.73010380622827
-210,0,-455.10726643598616
-200,0,-441.69550173010373
-190,0,-427.49480968858126
-180,0,-412.5051903114187
-170,0,-396.72664359861585
-160,0,-380.159169550173
-150,0,-362.8027681660899
-140,0,-344.6574394463667
-130,0,-325.72318339100343
-120,0,-306.0
-110,0,-285.48788927335636
-100,0,-264.1868512110726
-90,0,-242.0968858131488
-80,0,-219.21799307958474
-70,0,-195.5501730103806
-60,0,-171.0934256055363
-50,0,-145.84775086505186
-40,0,-119.81314878892732
-30,0,-92.98961937716263
-20,0,-65.37716262975778
-10,0,-36.9757785467128
0,0,-7.7854671280276815
10,0,22.193771626297575
20,0,52.96193771626297
30,0,84.51903114186851
40,0,116.86505190311419
50,0,85
50,0,95
50,0,105
50,0,115
50,0,125
50,0,135
50,0,145
50,0,150
-800,0,160
-800,0,170
-800,0,180
-800,0,190
-800,0,200
-800,0,210
-800,0,220
-800,0,225
-800,0,225.00000000000023
-790,0,192.03703703703718
-780,0,159.814814814815
-770,0,128.33333333333348
-760,0,97.5925925925924
-750,0,67.59259259259285
-740,0,38.3333333333335
-730,0,9.814814814814795
-720,0,-17.962962962963033
-710,0,-44.99999999999976
-700,0,-71.29629629629629
-690,0,-96.85185185185172
-680,0,-121.66666666666673
-670,0,-145.74074074074065
-660,0,-169.0740740740739
-650,0,-191.66666666666674
-640,0,-213.51851851851825
-630,0,-234.62962962962956
-620,0,-255.0
-610,0,-274.62962962962956
-600,0,-293.51851851851825
-590,0,-311.6666666666665
-580,0,-329.07407407407413
-570,0,-345.74074074074065
-560,0,-361.6666666666665
-550,0,-376.85185185185173
-540,0,-391.2962962962963
-530,0,-405.0
-520,0,-417.9629629629628
-510,0,-430.1851851851851
-500,0,-441.66666666666663
-490,0,-452.4074074074075
-480,0,-462.4074074074073
-470,0,-471.66666666666663
-460,0,-480.1851851851852
-450,0,-487.96296296296305
-440,0,-494.9999999999999
-430,0,-501.2962962962962
-420,0,-506.85185185185185
-410,0,-511.66666666666674
-400,0,-515.7407407407406
-390,0,-519.074074074074
-380,0,-521.6666666666667
-370,0,-523.5185185185185
-360,0,-524.6296296296297
-350,0,-525.0
-340,0,-524.6296296296297
-330,0,-523.5185185185185
-320,0,-521.6666666666665
-310,0,-519.074074074074
-300,0,-515.7407407407406
-290,0,-511.6666666666667
-280,0,-506.8518518518518
-270,0,-501.2962962962963
-260,0,-494.99999999999994
-250,0,-487.96296296296293
-240,0,-480.1851851851851
-230,0,-471.6666666666667
-220,0,-462.4074074074074
-210,0,-452.4074074074074
-200,0,-441.66666666666663
-190,0,-430.1851851851852
-180,0,-417.962962962963
-170,0,-405.0
-160,0,-391.29629629629625
-150,0,-376.85185185185185
-140,0,-361.66666666666663
-130,0,-345.7407407407407
-120,0,-329.0740740740741
-110,0,-311.66666666666663
-100,0,-293.5185185185185
-90,0,-274.6296296296296
-80,0,-255.0
-70,0,-234.62962962962962
-60,0,-213.51851851851848
-50,0,-191.66666666666663
-40,0,-169.07407407407408
-30,0,-145.74074074074073
-20,0,-121.66666666666666
-10,0,-96.85185185185185
0,0,-71.29629629629629
10,0,-45.0
20,0,-17.962962962962962
30,0,9.81481481481481
40,0,38.33333333333333
50,0,67.5925925925926
60,0,97.5925925925926
70,0,128.33333333333331
80,0,159.81481481481478
90,0,192.03703703703707
100,0,160
100,0,170
100,0,180
100,0,190
100,0,200
100,0,210
100,0,220
100,0,225
-800,0,235
-800,0,245
-800,0,255
-800,0,265
-800,0,275
-800,0,285
-800,0,295
-800,0,300
-800,0,300.0000000000002
-790,0,267.1911357340721
-780,0,235.08033240997244
-770,0,203.66759002770092
-760,0,172.95290858725772
-750,0,142.93628808864284
-740,0,113.61772853185605
-730,0,84.99722991689757
-720,0,57.07479224376763
-710,0,29.85041551246556
-700,0,3.3240997229918037
-690,0,-22.504155124653636
-680,0,-47.63434903047076
-670,0,-72.06648199445979
-660,0,-95.80055401662028
-650,0,-118.83656509695268
-640,0,-141.174515235457
-630,0,-162.81440443213276
-620,0,-183.75623268698044
-610,0,-203.9999999999998
-600,0,-223.54570637119085
-590,0,-242.3933518005538
-580,0,-260.5429362880884
-570,0,-277.99445983379496
-560,0,-294.74792243767297
-550,0,-310.80332409972266
-540,0,-326.1606648199444
-530,0,-340.81994459833777
-520,0,-354.78116343490296
-510,0,-368.04432132963984
-500,0,-380.6094182825484
-490,0,-392.47645429362854
-480,0,-403.6454293628807
-470,0,-414.11634349030453
-460,0,-423.88919667590017
-450,0,-432.9639889196674
-440,0,-441.3407202216065
-430,0,-449.0193905817174
-420,0,-455.9999999999999
-410,0,-462.28254847645417
-400,0,-467.86703601108024
-390,0,-472.753462603878
-380,0,-476.94182825484756
-370,0,-480.4321329639889
-360,0,-483.22437673130185
-350,0,-485.3185595567867
-340,0,-486.7146814404432
-330,0,-487.4127423822714
-320,0,-487.4127423822714
-310,0,-486.7146814404432
-300,0,-485.31855955678657
-290,0,-483.22437673130185
-280,0,-480.4321329639889
-270,0,-476.94182825484756
-260,0,-472.7534626038781
-250,0,-467.86703601108036
-240,0,-462.28254847645417
-230,0,-456.0
-220,0,-449.0193905817174
-210,0,-441.3407202216066
-200,0,-432.9639889196676
-190,0,-423.8891966759003
-180,0,-414.11634349030464
-170,0,-403.6454293628809
-160,0,-392.47645429362876
-150,0,-380.6094182825484
-140,0,-368.04432132963984
-130,0,-354.7811634349031
-120,0,-340.8199445983379
-110,0,-326.1606648199446
-100,0,-310.803324099723
-90,0,-294.7479224376731
-80,0,-277.99445983379496
-70,0,-260.54293628808864
-60,0,-242.393351800554
-50,0,-223.54570637119113
-40,0,-204.0
-30,0,-183.7562326869806
-20,0,-162.81440443213296
-10,0,-141.17451523545708
0,0,-118.83656509695291
10,0,-95.80055401662051
20,0,-72.06648199445983
30,0,-47.63434903047093
40,0,-22.50415512465375
50,0,3.32409972299169
60,0,29.85041551246536
70,0,57.07479224376732
80,0,84.99722991689751
90,0,113.61772853185593
100,0,142.93628808864267
110,0,172.9529085872576
120,0,203.6675900277008
130,0,235.08033240997227
140,0,267.1911357340721
25.0,0,260
25.0,0,270
25.0,0,280
25.0,0,290
25.0,0,300
25.0,0,310
25.0,0,320
25.0,0,325
-800,0,310
-800,0,320
-800,0,330
-800,0,340
-800,0,350
-800,0,360
-800,0,370
-800,0,375
-800.0,0,375.00000000000045
-790.0,0,328.90266299357245
-780.0,0,283.94398530762237
-770.0,0,240.1239669421493
-760.0,0,197.44260789715418
-750.0,0,155.8999081726356
-740.0,0,115.49586776859542
-730.0,0,76.2304866850327
-720.0,0,38.103764921947004
-710.0,0,1.1157024793392338
-700.0,0,-34.733700642791064
-690.0,0,-69.44444444444389
-680.0,0,-103.0165289256197
-670.0,0,-135.44995408631758
-660.0,0,-166.74471992653798
-650.0,0,-196.90082644628046
-640.0,0,-225.91827364554592
-630.0,0,-253.7970615243339
-620.0,0,-280.537190082644
-610.0,0,-306.138659320477
-600.0,0,-330.60146923783213
-590.0,0,-353.92561983471046
-580.0,0,-376.11111111111086
-570.0,0,-397.1579430670338
-560.0,0,-417.066115702479
-550.0,0,-435.83562901744676
-540.0,0,-453.46648301193704
-530.0,0,-469.95867768594985
-520.0,0,-485.31221303948564
-510.0,0,-499.5270890725435
-500.0,0,-512.6033057851239
-490.0,0,-524.5408631772266
-480.0,0,-535.3397612488518
-470.0,0,-544.9999999999998
-460.0,0,-553.52157943067
-450.0,0,-560.9044995408631
-440.0,0,-567.1487603305782
-430.0,0,-572.254361799816
-420.0,0,-576.2213039485765
-410.0,0,-579.0495867768593
-400.0,0,-580.7392102846646
-390.0,0,-581.2901744719924
-380.0,0,-580.7024793388426
-370.0,0,-578.9761248852157
-360.0,0,-576.111111111111
-350.0,0,-572.1074380165287
-340.0,0,-566.9651056014692
-330.0,0,-560.684113865932
-320.0,0,-553.2644628099172
-310.0,0,-544.7061524334249
-300.0,0,-535.0091827364552
-290.0,0,-524.1735537190082
-280.0,0,-512.1992653810835
-270.0,0,-499.0863177226811
-260.0,0,-484.8347107438017
-250.0,0,-469.44444444444434
-240.0,0,-452.91551882460953
-230.0,0,-435.24793388429737
-220.0,0,-416.4416896235077
-210.0,0,-396.4967860422405
-200.0,0,-375.4132231404958
-190.0,0,-353.1910009182735
-180.0,0,-329.8301193755739
-170.0,0,-305.33057851239664
-160.0,0,-279.6923783287418
-150.0,0,-252.91551882460953
-140.0,0,-224.99999999999994
-130.0,0,-195.94582185491277
-120.0,0,-165.75298438934794
-110.0,0,-134.4214876033057
-100.0,0,-101.951331496786
-90.0,0,-68.34251606978876
-80.0,0,-33.59504132231399
-70.0,0,2.2910927456382524
-60.0,0,39.315886134067995
-50.0,0,77.47933884297524
-40.0,0,116.78145087235998
-30.0,0,157.22222222222226
-20.0,0,198.801652892562
-10.0,0,241.51974288337925
0.0,0,285.37649219467403
10.0,0,330.3719008264463
20.0,0,376.50596877869606
25.0,0,335
25.0,0,345
25.0,0,355
25.0,0,365
25.0,0,375
25.0,0,385
25.0,0,395
25.0,0,400
-800,0,385
-800,0,395
-800,0,405
-800,0,415
-800,0,425
-800,0,435
-800,0,445
-800,0,450
-800,0,450.0000000000002
-790,0,402.62629757785476
-780,0,356.3875432525954
-770,0,311.28373702422164
-760,0,267.31487889273353
-750,0,224.48096885813155
-740,0,182.78200692041517
-730,0,142.21799307958443
-720,0,102.78892733564024
-710,0,64.49480968858168
-700,0,27.33564013840831
-690,0,-8.688581314878974
-680,0,-43.577854671280164
-670,0,-77.33217993079572
-660,0,-109.95155709342563
-650,0,-141.43598615916946
-640,0,-171.78546712802765
-630,0,-200.99999999999974
-620,0,-229.0795847750862
-610,0,-256.02422145328705
-600,0,-281.833910034602
-590,0,-306.5086505190311
-580,0,-330.04844290657456
-570,0,-352.45328719723193
-560,0,-373.72318339100366
-550,0,-393.85813148788907
-540,0,-412.85813148788907
-530,0,-430.72318339100343
-520,0,-447.4532871972317
-510,0,-463.04844290657434
-500,0,-477.5086505190311
-490,0,-490.83391003460224
-480,0,-503.0242214532873
-470,0,-514.0795847750865
-460,0,-524.0
-450,0,-532.7854671280277
-440,0,-540.4359861591695
-430,0,-546.9515570934257
-420,0,-552.3321799307959
-410,0,-556.5778546712803
-400,0,-559.6885813148788
-390,0,-561.6643598615916
-380,0,-562.5051903114187
-370,0,-562.2110726643599
-360,0,-560.7820069204151
-350,0,-558.2179930795847
-340,0,-554.5190311418685
-330,0,-549.6851211072665
-320,0,-543.7162629757786
-310,0,-536.6124567474047
-300,0,-528.3737024221452
-290,0,-519.0
-280,0,-508.4913494809689
-270,0,-496.8477508650518
-260,0,-484.0692041522491
-250,0,-470.1557093425606
-240,0,-455.1072664359863
-230,0,-438.92387543252596
-220,0,-421.6055363321799
-210,0,-403.1522491349481
-200,0,-383.5640138408304
-190,0,-362.84083044982697
-180,0,-340.9826989619377
-170,0,-317.9896193771626
-160,0,-293.86159169550183
-150,0,-268.59861591695505
-140,0,-242.2006920415225
-130,0,-214.6678200692041
-120,0,-186.00000000000003
-110,0,-156.19723183390997
-100,0,-125.25951557093421
-90,0,-93.1868512110726
-80,0,-59.97923875432528
-70,0,-25.636678200692046
-60,0,9.840830449826996
-50,0,46.453287197231845
-40,0,84.2006920415225
-30,0,123.08304498269896
-20,0,163.10034602076126
-10,0,204.25259515570934
0,0,246.53979238754326
10,0,289.961937716263
20,0,334.51903114186854
30,0,380.2110726643599
40,0,427.0380622837371
50,0,410
50,0,420
50,0,430
50,0,440
50,0,450
50,0,460
50,0,470
50,0,475
-800,0,460
-800,0,470
-800,0,480
-800,0,490
-800,0,500
-800,0,510
-800,0,520
-800,0,525
-800,0,525.0000000000002
-790,0,474.13840830449834
-780,0,424.49480968858114
-770,0,376.0692041522495
-760,0,328.861591695502
-750,0,282.87197231833915
-740,0,238.10034602076183
-730,0,194.54671280276824
-720,0,152.2110726643602
-710,0,111.09342560553631
-700,0,71.19377162629797
-690,0,32.51211072664381
-680,0,-4.951557093425265
-670,0,-41.197231833910166
-660,0,-76.22491349480953
-650,0,-110.03460207612471
-640,0,-142.62629757785436
-630,0,-173.99999999999983
-620,0,-204.15570934256021
-610,0,-233.09342560553642
-600,0,-260.8131487889271
-590,0,-287.3148788927336
-580,0,-312.598615916955
-570,0,-336.6643598615918
-560,0,-359.51211072664347
-550,0,-381.14186851211076
-540,0,-401.55363321799297
-530,0,-420.74740484429077
-520,0,-438.72318339100326
-510,0,-455.4809688581311
-500,0,-471.0207612456746
-490,0,-485.34256055363295
-480,0,-498.4463667820069
-470,0,-510.3321799307956
-460,0,-520.9999999999998
-450,0,-530.4498269896189
-440,0,-538.6816608996539
-430,0,-545.6955017301036
-420,0,-551.4913494809687
-410,0,-556.0692041522491
-400,0,-559.4290657439446
-390,0,-561.5709342560554
-380,0,-562.4948096885812
-370,0,-562.2006920415222
-360,0,-560.6885813148788
-350,0,-557.9584775086503
-340,0,-554.0103806228371
-330,0,-548.8442906574394
-320,0,-542.4602076124565
-310,0,-534.8581314878891
-300,0,-526.038062283737
-290,0,-516.0
-280,0,-504.7439446366781
-270,0,-492.26989619377156
-260,0,-478.57785467128025
-250,0,-463.6678200692041
-240,0,-447.5397923875433
-230,0,-430.1937716262975
-220,0,-411.6297577854671
-210,0,-391.84775086505186
-200,0,-370.84775086505186
-190,0,-348.629757785467
-180,0,-325.1937716262975
-170,0,-300.5397923875432
-160,0,-274.6678200692041
-150,0,-247.57785467128025
-140,0,-219.26989619377156
-130,0,-189.74394463667818
-120,0,-159.0
-110,0,-127.03806228373702
-100,0,-93.8581314878893
-90,0,-59.46020761245671
-80,0,-23.844290657439444
-70,0,12.989619377162626
-60,0,51.0415224913495
-50,0,90.31141868512111
-40,0,130.79930795847753
-30,0,172.5051903114187
-20,0,215.42906574394465
-10,0,259.57093425605535
0,0,304.93079584775086
10,0,351.5086505190311
20,0,399.30449826989616
30,0,448.318339100346
40,0,498.5501730103806
50,0,485
50,0,495
50,0,505
50,0,515
50,0,525
50,0,535
50,0,545
50,0,550
-800,0,535
-800,0,545
-800,0,555
-800,0,565
-800,0,575
-800,0,585
-800,0,595
-800,0,600
-800,0,600.0000000000006
-790,0,545.6505190311424
-780,0,492.6020761245678
-770,0,440.85467128027733
-760,0,390.40830449827047
-750,0,341.26297577854723
-740,0,293.4186851211076
-730,0,246.87543252595208
-720,0,201.63321799308017
-710,0,157.69204152249188
-700,0,115.05190311418676
-690,0,73.71280276816617
-680,0,33.67474048442921
-670,0,-5.062283737024131
-660,0,-42.49826989619339
-650,0,-78.63321799307948
-640,0,-113.4671280276815
-630,0,-146.9999999999999
-620,0,-179.2318339100342
-610,0,-210.16262975778488
-600,0,-239.79238754325195
-590,0,-268.1211072664354
-580,0,-295.1487889273352
-570,0,-320.8754325259514
-560,0,-345.30103806228374
-550,0,-368.425605536332
-540,0,-390.24913494809664
-530,0,-410.77162629757765
-520,0,-429.9930795847748
-510,0,-447.91349480968836
-500,0,-464.53287197231805
-490,0,-479.8512110726641
-480,0,-493.86851211072633
-470,0,-506.5847750865049
-460,0,-517.9999999999997
-450,0,-528.1141868512105
-440,0,-536.9273356401385
-430,0,-544.4394463667819
-420,0,-550.6505190311417
-410,0,-555.5605536332179
-400,0,-559.1695501730102
-390,0,-561.4775086505189
-380,0,-562.4844290657437
-370,0,-562.1903114186849
-360,0,-560.5951557093423
-350,0,-557.6989619377163
-340,0,-553.5017301038062
-330,0,-548.0034602076123
-320,0,-541.2041522491348
-310,0,-533.1038062283735
-300,0,-523.7024221453285
-290,0,-512.9999999999998
-280,0,-500.9965397923876
-270,0,-487.6920415224912
-260,0,-473.0865051903113
-250,0,-457.17993079584755
-240,0,-439.9723183391002
-230,0,-421.46366782006896
-220,0,-401.65397923875435
-210,0,-380.54325259515565
-200,0,-358.1314878892732
-190,0,-334.41868512110716
-180,0,-309.40484429065725
-170,0,-283.08996539792383
-160,0,-255.47404844290656
-150,0,-226.55709342560544
-140,0,-196.3391003460207
-130,0,-164.82006920415222
-120,0,-131.9999999999999
-110,0,-97.87889273356404
-100,0,-62.456747404844236
-90,0,-25.73356401384075
-80,0,12.29065743944642
-70,0,51.615916955017326
-60,0,92.24221453287203
-50,0,134.1695501730104
-40,0,177.39792387543255
-30,0,221.92733564013844
-20,0,267.75778546712803
-10,0,314.8892733564014
0,0,363.3217993079585
10,0,413.0553633217993
20,0,464.0899653979239
30,0,516.4256055363321
40,0,570.0622837370242
-25.0,0,585
-25.0,0,595
-25.0,0,605
-25.0,0,615
-25.0,0,625
-25.0,0,635
-25.0,0,645
-25.0,0,650
-800,0,610
-800,0,620
-800,0,630
-800,0,640
-800,0,650
-800,0,660
-800,0,670
-800,0,675
-800.0,0,675.0000000000005
-790.0,0,608.4588969823112
-780.0,0,543.6742976066603
-770.0,0,480.64620187304945
-760.0,0,419.37460978147783
-750.0,0,359.8595213319463
-740.0,0,302.100936524454
-730.0,0,246.09885535900185
-720.0,0,191.85327783558887
-710.0,0,139.3642039542151
-700.0,0,88.63163371488054
-690.0,0,39.65556711758609
-680.0,0,-7.563995837668699
-670.0,0,-53.02705515088428
-660.0,0,-96.7336108220602
-650.0,0,-138.683662851196
-640.0,0,-178.8772112382926
-630.0,0,-217.31425598335
-620.0,0,-253.99479708636818
-610.0,0,-288.91883454734625
-600.0,0,-322.0863683662851
-590.0,0,-353.4973985431843
-580.0,0,-383.15192507804295
-570.0,0,-411.04994797086283
-560.0,0,-437.1914672216435
-550.0,0,-461.5764828303845
-540.0,0,-484.2049947970859
-530.0,0,-505.077003121748
-520.0,0,-524.19250780437
-510.0,0,-541.5515088449529
-500.0,0,-557.154006243496
-490.0,0,-571.0
-480.0,0,-583.0894901144636
-470.0,0,-593.4224765868883
-460.0,0,-601.9989594172735
-450.0,0,-608.818938605619
-440.0,0,-613.8824141519246
-430.0,0,-617.1893860561913
-420.0,0,-618.7398543184181
-410.0,0,-618.5338189386057
-400.0,0,-616.5712799167532
-390.0,0,-612.8522372528614
-380.0,0,-607.3766909469302
-370.0,0,-600.1446409989594
-360.0,0,-591.1560874089487
-350.0,0,-580.411030176899
-340.0,0,-567.9094693028096
-330.0,0,-553.6514047866806
-320.0,0,-537.6368366285117
-310.0,0,-519.8657648283038
-300.0,0,-500.33818938605623
-290.0,0,-479.05411030176856
-280.0,0,-456.0135275754419
-270.0,0,-431.21644120707583
-260.0,0,-404.6628511966701
-250.0,0,-376.3527575442247
-240.0,0,-346.2861602497396
-230.0,0,-314.46305931321535
-220.0,0,-280.8834547346512
-210.0,0,-245.54734651404783
-200.0,0,-208.45473465140458
-190.0,0,-169.60561914672212
-180.0,0,-129.0
-170.0,0,-86.63787721123833
-160.0,0,-42.519250780437005
-150.0,0,3.3558792924036425
-140.0,0,50.98751300728418
-130.0,0,100.37565036420403
-120.0,0,151.52029136316344
-110.0,0,204.4214360041624
-100.0,0,259.0790842872009
-90.0,0,315.49323621227893
-80.0,0,373.6638917793965
-70.0,0,433.5910509885536
-60.0,0,495.27471383975023
-50.0,0,558.7148803329865
-40.0,0,623.9115504682622
-30.0,0,690.8647242455775
-25.0,0,660
-25.0,0,670
-25.0,0,680
-25.0,0,690
-25.0,0,700
-25.0,0,710
-25.0,0,720
-25.0,0,725
-800,0,685
-800,0,695
-800,0,705
-800,0,715
-800,0,725
-800,0,735
-800,0,745
-800,0,750
-800,0,749.9999999999998
-790,0,688.3875432525954
-780,0,628.2560553633218
-770,0,569.60553633218
-760,0,512.4359861591699
-750,0,456.74740484429077
-740,0,402.53979238754374
-730,0,349.81314878892755
-720,0,298.5674740484431
-710,0,248.80276816608995
-700,0,200.51903114186854
-690,0,153.71626297577842
-680,0,108.39446366782005
-670,0,64.55363321799342
-660,0,22.193771626297178
-650,0,-18.68512110726641
-640,0,-58.083044982699164
-630,0,-96.00000000000017
-620,0,-132.43598615916943
-610,0,-167.39100346020786
-600,0,-200.86505190311408
-590,0,-232.858131487889
-580,0,-263.37024221453265
-570,0,-292.401384083045
-560,0,-319.95155709342606
-550,0,-346.0207612456749
-540,0,-370.6089965397925
-530,0,-393.71626297577876
-520,0,-415.3425605536333
-510,0,-435.48788927335653
-500,0,-454.152249134948
-490,0,-471.3356401384082
-480,0,-487.0380622837369
-470,0,-501.25951557093407
-460,0,-514.0000000000002
-450,0,-525.2595155709346
-440,0,-535.0380622837372
-430,0,-543.3356401384085
-420,0,-550.1522491349483
-410,0,-555.4878892733566
-400,0,-559.3425605536333
-390,0,-561.7162629757786
-380,0,-562.6089965397923
-370,0,-562.0207612456745
-360,0,-559.9515570934257
-350,0,-556.4013840830451
-340,0,-551.3702422145329
-330,0,-544.8581314878895
-320,0,-536.8650519031144
-310,0,-527.3910034602077
-300,0,-516.4359861591695
-290,0,-503.99999999999994
-280,0,-490.08304498269916
-270,0,-474.6851211072665
-260,0,-457.8062283737025
-250,0,-439.4463667820069
-240,0,-419.60553633217995
-230,0,-398.2837370242216
-220,0,-375.4809688581316
-210,0,-351.19723183391005
-200,0,-325.4325259515571
-190,0,-298.1868512110727
-180,0,-269.4602076124567
-170,0,-239.25259515570934
-160,0,-207.56401384083046
-150,0,-174.39446366782005
-140,0,-139.74394463667835
-130,0,-103.6124567474049
-120,0,-65.99999999999994
-110,0,-26.90657439446369
-100,0,13.66782006920414
-90,0,55.72318339100343
-80,0,99.25951557093424
-70,0,144.2768166089965
-60,0,190.7750865051903
-50,0,238.75432525951555
-40,0,288.2145328719723
-30,0,339.15570934256056
-20,0,391.5778546712803
-10,0,445.4809688581315
0,0,500.8650519031142
10,0,557.7301038062284
20,0,616.076124567474
30,0,675.9031141868512
40,0,737.2110726643599
50,0,735
50,0,745
50,0,755
50,0,765
50,0,775
50,0,785
50,0,795
50,0,800
-800,0,760
-800,0,770
-800,0,780
-800,0,790
-800,0,800
-800,0,810
-800,0,820
-800,0,825
-800,0,825.0000000000007
-790,0,759.8996539792386
-780,0,696.3633217993081
-770,0,634.3910034602084
-760,0,573.9826989619376
-750,0,515.1384083044984
-740,0,457.85813148789
-730,0,402.1418685121105
-720,0,347.9896193771626
-710,0,295.4013840830455
-700,0,244.37716262975778
-690,0,194.91695501730123
-680,0,147.02076124567452
-670,0,100.688581314879
-660,0,55.92041522491377
-650,0,12.716262975778363
-640,0,-28.9238754325263
-630,0,-68.99999999999977
-620,0,-107.51211072664341
-610,0,-144.46020761245677
-600,0,-179.8442906574394
-590,0,-213.66435986159172
-580,0,-245.92041522491377
-570,0,-276.6124567474046
-560,0,-305.74048442906565
-550,0,-333.3044982698964
-540,0,-359.30449826989593
-530,0,-383.74048442906565
-520,0,-406.6124567474051
-510,0,-427.92041522491354
-500,0,-447.6643598615915
-490,0,-465.8442906574394
-480,0,-482.46020761245677
-470,0,-497.5121107266434
-460,0,-511.0
-450,0,-522.9238754325261
-440,0,-533.2837370242212
-430,0,-542.0795847750865
-420,0,-549.3114186851212
-410,0,-554.979238754325
-400,0,-559.0830449826988
-390,0,-561.6228373702422
-380,0,-562.5986159169552
-370,0,-562.0103806228371
-360,0,-559.8581314878893
-350,0,-556.1418685121109
-340,0,-550.8615916955018
-330,0,-544.0173010380622
-320,0,-535.6089965397925
-310,0,-525.6366782006919
-300,0,-514.1003460207612
-290,0,-501.0000000000002
-280,0,-486.3356401384083
-270,0,-470.10726643598605
-260,0,-452.31487889273365
-250,0,-432.9584775086505
-240,0,-412.0380622837371
-230,0,-389.55363321799314
-220,0,-365.5051903114186
-210,0,-339.89273356401395
-200,0,-312.7162629757785
-190,0,-283.97577854671295
-180,0,-253.67128027681656
-170,0,-221.80276816609
-160,0,-188.37024221453294
-150,0,-153.37370242214524
-140,0,-116.81314878892726
-130,0,-78.68858131487889
-120,0,-39.0
-110,0,2.2525951557094004
-100,0,45.0692041522492
-90,0,89.4498269896194
-80,0,135.39446366782005
-70,0,182.9031141868512
-60,0,231.97577854671277
-50,0,282.61245674740485
-40,0,334.8131487889273
-30,0,388.5778546712803
-20,0,443.9065743944637
-10,0,500.7993079584775
0,0,559.2560553633218
10,0,619.2768166089966
20,0,680.8615916955017
30,0,744.0103806228374
40,0,808.7231833910034
50,0,810
50,0,820
50,0,830
50,0,840
50,0,850
50,0,860
50,0,870
50,0,875
-800,0,835
-800,0,845
-800,0,855
-800,0,865
-800,0,875
-800,0,885
-800,0,895
-800,0,900
-800,0,900.0000000000006
-790,0,831.4117647058825
-780,0,764.4705882352943
-770,0,699.1764705882357
-760,0,635.529411764706
-750,0,573.529411764706
-740,0,513.1764705882357
-730,0,454.47058823529426
-720,0,397.41176470588346
-710,0,342.00000000000057
-700,0,288.23529411764696
-690,0,236.117647058824
-680,0,185.64705882352985
-670,0,136.82352941176453
-660,0,89.64705882352985
-650,0,44.117647058823536
-640,0,0.23529411764741326
-630,0,-41.999999999999886
-620,0,-82.58823529411745
-610,0,-121.52941176470574
-600,0,-158.8235294117643
-590,0,-194.47058823529403
-580,0,-228.47058823529403
-570,0,-260.8235294117643
-560,0,-291.52941176470574
-550,0,-320.58823529411745
-540,0,-347.9999999999999
-530,0,-373.7647058823526
-520,0,-397.88235294117646
-510,0,-420.3529411764706
-500,0,-441.176470588235
-490,0,-460.3529411764706
-480,0,-477.88235294117646
-470,0,-493.7647058823528
-460,0,-508.0000000000001
-450,0,-520.5882352941177
-440,0,-531.5294117647057
-430,0,-540.8235294117645
-420,0,-548.4705882352943
-410,0,-554.470588235294
-400,0,-558.8235294117645
-390,0,-561.529411764706
-380,0,-562.5882352941177
-370,0,-561.9999999999999
-360,0,-559.7647058823526
-350,0,-555.8823529411765
-340,0,-550.3529411764706
-330,0,-543.176470588235
-320,0,-534.3529411764706
-310,0,-523.8823529411765
-300,0,-511.7647058823528
-290,0,-497.9999999999999
-280,0,-482.5882352941177
-270,0,-465.52941176470574
-260,0,-446.82352941176475
-250,0,-426.47058823529403
-240,0,-404.47058823529414
-230,0,-380.82352941176475
-220,0,-355.52941176470586
-210,0,-328.5882352941177
-200,0,-299.9999999999999
-190,0,-269.76470588235304
-180,0,-237.88235294117635
-170,0,-204.3529411764706
-160,0,-169.17647058823525
-150,0,-132.3529411764706
-140,0,-93.88235294117646
-130,0,-53.76470588235304
-120,0,-12.0
-110,0,31.41176470588232
-100,0,76.47058823529414
-90,0,123.17647058823536
-80,0,171.52941176470586
-70,0,221.52941176470586
-60,0,273.17647058823525
-50,0,326.4705882352941
-40,0,381.4117647058823
-30,0,438.0
-20,0,496.2352941176471
-10,0,556.1176470588235
0,0,617.6470588235294
10,0,680.8235294117646
20,0,745.6470588235294
30,0,812.1176470588235
40,0,880.2352941176471
50,0,885
50,0,895
50,0,905
50,0,915
50,0,925
50,0,935
50,0,945
50,0,950
-800,0,899.9999999999995
-790,0,830.9348489170056
-780,0,763.4897077778865
-770,0,697.664576582642
-760,0,633.4594553312722
-750,0,570.8743440237781
-740,0,509.90924266015776
-730,0,450.5641512404122
-720,0,392.8390697645422
-710,0,336.73399823254607
-700,0,282.24893664442465
-690,0,229.3838850001784
-680,0,178.13884329980777
-670,0,128.5138115433105
-660,0,80.50878973068887
-650,0,34.123777861941505
-640,0,-10.641224062930235
-630,0,-53.78621604392771
-620,0,-95.31119808105092
-610,0,-135.2161701742985
-600,0,-173.50113232367227
-590,0,-210.1660845291704
-580,0,-245.21102679079382
-570,0,-278.635959108543
-560,0,-310.44088148241696
-550,0,-340.6257939124162
-540,0,-369.19069639854075
-530,0,-396.13558894079057
-520,0,-421.4604715391652
-510,0,-445.16534419366604
-500,0,-467.250206904291
-490,0,-487.71505967104196
-480,0,-506.5599024939177
-470,0,-523.7847353729187
-460,0,-539.3895583080453
-450,0,-553.3743712992966
-440,0,-565.7391743466737
-430,0,-576.4839674501757
-420,0,-585.6087506098027
-410,0,-593.1135238255554
-400,0,-598.9982870974329
-390,0,-603.2630404254357
-380,0,-605.9077838095641
-370,0,-606.9325172498172
-360,0,-606.3372407461957
-350,0,-604.1219542986998
-340,0,-600.2866579073286
-330,0,-594.8313515720829
-320,0,-587.7560352929625
-310,0,-579.0607090699673
-300,0,-568.7453729030972
-290,0,-556.8100267923523
-280,0,-543.2546707377328
-270,0,-528.0793047392383
-260,0,-511.283928796869
-250,0,-492.8685429106252
-240,0,-472.83314708050654
-230,0,-451.17774130651304
-220,0,-427.9023255886448
-210,0,-403.00689992690155
-200,0,-376.4914643212838
-190,0,-348.3560187717913
-180,0,-318.60056327842375
-170,0,-287.2250978411817
-160,0,-254.22962246006483
-150,0,-219.61413713507312
-140,0,-183.37864186620658
-130,0,-145.52313665346531
-120,0,-106.04762149684933
-110,0,-64.95209639635851
-100,0,-22.236561351992975
-90,0,22.09898363624751
-80,0,68.05453856836255
-70,0,115.63010344435247
-60,0,164.82567826421717
-50,0,215.6412630279566
-40,0,268.07685773557085
-30,0,322.13246238705983
-20,0,377.80807698242364
-10,0,435.1037015216622
0,0,494.01933600477554
-800,0,500.0
