ul_output,ur_output,ll_output,lr_output
612.52,-496.02,612.52,-496.02
612.56,-495.96,612.56,-495.96
612.63,-495.85,612.63,-495.85
612.74,-495.7,612.74,-495.7
612.87,-495.51,612.87,-495.51
613.03,-495.27,613.03,-495.27
613.21,-495.0,613.21,-495.0
613.32,-494.84,613.32,-494.84
613.32,-494.84,613.32,-494.84
604.62,-490.51,604.62,-490.51
596.26,-485.68,596.26,-485.68
588.21,-480.36,588.21,-480.36
580.45,-474.61,580.45,-474.61
572.96,-468.46,572.96,-468.46
565.72,-461.95,565.72,-461.95
558.7,-455.1,558.7,-455.1
551.9,-447.96,551.9,-447.96
545.29,-440.55,545.29,-440.55
538.85,-432.9,538.85,-432.9
532.56,-425.05,532.56,-425.05
526.4,-417.02,526.4,-417.02
520.37,-408.83,520.37,-408.83
514.43,-400.53,514.43,-400.53
508.58,-392.12,508.58,-392.12
502.8,-383.63,502.8,-383.63
497.07,-375.08,497.07,-375.08
491.37,-366.5,491.37,-366.5
485.7,-357.91,485.7,-357.91
480.04,-349.32,480.04,-349.32
474.38,-340.75,474.38,-340.75
468.7,-332.22,468.7,-332.22
462.99,-323.74,462.99,-323.74
457.25,-315.33,457.25,-315.33
451.45,-307.0,451.45,-307.0
445.59,-298.76,445.59,-298.76
439.67,-290.63,439.67,-290.63
433.66,-282.61,433.66,-282.61
427.56,-274.71,427.56,-274.71
421.37,-266.95,421.37,-266.95
415.07,-259.33,415.07,-259.33
408.66,-251.85,408.66,-251.85
402.13,-244.53,402.13,-244.53
395.48,-237.36,395.48,-237.36
388.71,-230.36,388.71,-230.36
381.8,-223.52,381.8,-223.52
374.75,-216.85,374.75,-216.85
367.57,-210.34,367.57,-210.34
360.24,-204.0,360.24,-204.0
352.77,-197.84,352.77,-197.84
345.15,-191.84,345.15,-191.84
337.39,-186.01,337.39,-186.01
329.48,-180.34,329.48,-180.34
321.42,-174.84,321.42,-174.84
313.22,-169.49,313.22,-169.49
304.88,-164.29,304.88,-164.29
296.4,-159.25,296.4,-159.25
287.78,-154.34,287.78,-154.34
279.03,-149.57,279.03,-149.57
270.15,-144.93,270.15,-144.93
261.14,-140.41,261.14,-140.41
252.03,-136.0,252.03,-136.0
242.8,-131.68,242.8,-131.68
233.47,-127.46,233.47,-127.46
224.05,-123.32,224.05,-123.32
214.54,-119.25,214.54,-119.25
204.96,-115.23,204.96,-115.23
195.32,-111.25,195.32,-111.25
185.63,-107.3,185.63,-107.3
175.9,-103.36,175.9,-103.36
166.14,-99.42,166.14,-99.42
156.38,-95.47,156.38,-95.47
146.62,-91.48,146.62,-91.48
136.88,-87.43,136.88,-87.43
127.18,-83.32,127.18,-83.32
117.54,-79.12,117.54,-79.12
107.97,-74.81,107.97,-74.81
98.5,-70.37,98.5,-70.37
89.14,-65.78,89.14,-65.78
79.93,-61.02,79.93,-61.02
70.88,-56.07,70.88,-56.07
62.01,-50.91,62.01,-50.91
53.35,-45.5,53.35,-45.5
44.94,-39.84,44.94,-39.84
36.78,-33.89,36.78,-33.89
28.92,-27.64,28.92,-27.64
21.38,-21.04,21.38,-21.04
14.19,-14.09,14.19,-14.09
7.39,-6.75,7.39,-6.75
0.02,0.02,0.02,0.02
0.07,0.07,0.07,0.07
0.16,0.16,0.16,0.16
0.28,0.28,0.28,0.28
0.44,0.44,0.44,0.44
0.64,0.64,0.64,0.64
0.87,0.87,0.87,0.87
0.99,0.99,0.99,0.99
613.55,-494.5,613.55,-494.5
613.81,-494.11,613.81,-494.11
614.1,-493.68,614.1,-493.68
614.42,-493.21,614.42,-493.21
614.77,-492.7,614.77,-492.7
615.15,-492.14,615.15,-492.14
615.56,-491.54,615.56,-491.54
615.77,-491.23,615.77,-491.23
615.77,-491.23,615.77,-491.23
606.36,-487.97,606.36,-487.97
597.29,-484.17,597.29,-484.17
588.55,-479.87,588.55,-479.87
580.11,-475.11,580.11,-475.11
571.95,-469.92,571.95,-469.92
564.06,-464.33,564.06,-464.33
556.42,-458.37,556.42,-458.37
549.0,-452.08,549.0,-452.08
541.8,-445.48,541.8,-445.48
534.8,-438.6,534.8,-438.6
527.97,-431.48,527.97,-431.48
521.3,-424.13,521.3,-424.13
514.77,-416.59,514.77,-416.59
508.37,-408.88,508.37,-408.88
502.08,-401.02,502.08,-401.02
495.89,-393.04,495.89,-393.04
489.79,-384.96,489.79,-384.96
483.75,-376.8,483.75,-376.8
477.76,-368.57,477.76,-368.57
471.82,-360.31,471.82,-360.31
465.9,-352.01,465.9,-352.01
460.01,-343.72,460.01,-343.72
454.11,-335.42,454.11,-335.42
448.21,-327.16,448.21,-327.16
442.29,-318.93,442.29,-318.93
436.34,-310.75,436.34,-310.75
430.36,-302.63,430.36,-302.63
424.32,-294.58,424.32,-294.58
418.23,-286.62,418.23,-286.62
412.08,-278.75,412.08,-278.75
405.85,-270.98,405.85,-270.98
399.54,-263.32,399.54,-263.32
393.14,-255.78,393.14,-255.78
386.66,-248.36,386.66,-248.36
380.07,-241.07,380.07,-241.07
373.37,-233.91,373.37,-233.91
366.57,-226.88,366.57,-226.88
359.66,-220.0,359.66,-220.0
352.63,-213.26,352.63,-213.26
345.47,-206.66,345.47,-206.66
338.2,-200.21,338.2,-200.21
330.8,-193.91,330.8,-193.91
323.27,-187.75,323.27,-187.75
315.62,-181.73,315.62,-181.73
307.83,-175.86,307.83,-175.86
299.93,-170.12,299.93,-170.12
291.89,-164.52,291.89,-164.52
283.73,-159.06,283.73,-159.06
275.45,-153.72,275.45,-153.72
267.04,-148.51,267.04,-148.51
258.52,-143.42,258.52,-143.42
249.89,-138.44,249.89,-138.44
241.14,-133.57,241.14,-133.57
232.3,-128.79,232.3,-128.79
223.35,-124.1,223.35,-124.1
214.32,-119.5,214.32,-119.5
205.2,-114.96,205.2,-114.96
196.0,-110.49,196.0,-110.49
186.74,-106.07,186.74,-106.07
177.42,-101.69,177.42,-101.69
168.05,-97.34,168.05,-97.34
158.64,-93.0,158.64,-93.0
149.2,-88.67,149.2,-88.67
139.76,-84.32,139.76,-84.32
130.31,-79.95,130.31,-79.95
120.88,-75.54,120.88,-75.54
111.47,-71.07,111.47,-71.07
102.11,-66.54,102.11,-66.54
92.81,-61.91,92.81,-61.91
83.58,-57.18,83.58,-57.18
74.45,-52.33,74.45,-52.33
65.44,-47.34,65.44,-47.34
56.56,-42.19,56.56,-42.19
47.83,-36.86,47.83,-36.86
39.28,-31.33,39.28,-31.33
30.94,-25.58,30.94,-25.58
22.81,-19.59,22.81,-19.59
14.93,-13.35,14.93,-13.35
7.32,-6.82,7.32,-6.82
0.01,0.01,0.01,0.01
-6.97,7.17,-6.97,7.17
-13.61,14.67,-13.61,14.67
-19.86,22.55,-19.86,22.55
-25.7,30.81,-25.7,30.81
-33.84,36.83,-33.84,36.83
-33.52,37.15,-33.52,37.15
-33.16,37.5,-33.16,37.5
-32.77,37.88,-32.77,37.88
-32.34,38.3,-32.34,38.3
-31.87,38.75,-31.87,38.75
-31.37,39.24,-31.37,39.24
-31.11,39.5,-31.11,39.5
616.22,-490.56,616.22,-490.56
616.7,-489.86,616.7,-489.86
617.21,-489.11,617.21,-489.11
617.74,-488.32,617.74,-488.32
618.31,-487.49,618.31,-487.49
618.91,-486.61,618.91,-486.61
619.53,-485.69,619.53,-485.69
619.85,-485.22,619.85,-485.22
619.85,-485.22,619.85,-485.22
609.74,-483.01,609.74,-483.01
599.97,-480.25,599.97,-480.25
590.54,-476.97,590.54,-476.97
581.43,-473.19,581.43,-473.19
572.61,-468.96,572.61,-468.96
564.07,-464.31,564.07,-464.31
555.8,-459.25,555.8,-459.25
547.77,-453.83,547.77,-453.83
539.97,-448.06,539.97,-448.06
532.39,-441.99,532.39,-441.99
525.0,-435.63,525.0,-435.63
517.8,-429.01,517.8,-429.01
510.76,-422.16,510.76,-422.16
503.87,-415.09,503.87,-415.09
497.12,-407.84,497.12,-407.84
490.49,-400.43,490.49,-400.43
483.97,-392.87,483.97,-392.87
477.54,-385.19,477.54,-385.19
471.2,-377.4,471.2,-377.4
464.92,-369.53,464.92,-369.53
458.7,-361.6,458.7,-361.6
452.53,-353.62,452.53,-353.62
446.39,-345.6,446.39,-345.6
440.27,-337.56,440.27,-337.56
434.17,-329.52,434.17,-329.52
428.06,-321.49,428.06,-321.49
421.95,-313.49,421.95,-313.49
415.81,-305.51,415.81,-305.51
409.65,-297.59,409.65,-297.59
403.46,-289.71,403.46,-289.71
397.22,-281.91,397.22,-281.91
390.92,-274.17,390.92,-274.17
384.57,-266.52,384.57,-266.52
378.16,-258.96,378.16,-258.96
371.67,-251.49,371.67,-251.49
365.1,-244.12,365.1,-244.12
358.45,-236.86,358.45,-236.86
351.71,-229.72,351.71,-229.72
344.88,-222.68,344.88,-222.68
337.96,-215.77,337.96,-215.77
330.93,-208.97,330.93,-208.97
323.8,-202.3,323.8,-202.3
316.56,-195.75,316.56,-195.75
309.22,-189.33,309.22,-189.33
301.77,-183.03,301.77,-183.03
294.21,-176.85,294.21,-176.85
286.53,-170.8,286.53,-170.8
278.75,-164.87,278.75,-164.87
270.85,-159.06,270.85,-159.06
262.85,-153.36,262.85,-153.36
254.74,-147.77,254.74,-147.77
246.52,-142.3,246.52,-142.3
238.2,-136.92,238.2,-136.92
229.78,-131.65,229.78,-131.65
221.26,-126.46,221.26,-126.46
212.65,-121.37,212.65,-121.37
203.96,-116.35,203.96,-116.35
195.18,-111.4,195.18,-111.4
186.33,-106.52,186.33,-106.52
177.41,-101.69,177.41,-101.69
168.43,-96.91,168.43,-96.91
159.4,-92.17,159.4,-92.17
150.32,-87.46,150.32,-87.46
141.2,-82.76,141.2,-82.76
132.07,-78.06,132.07,-78.06
122.91,-73.36,122.91,-73.36
113.76,-68.64,113.76,-68.64
104.61,-63.89,104.61,-63.89
95.48,-59.09,95.48,-59.09
86.39,-54.23,86.39,-54.23
77.35,-49.3,77.35,-49.3
68.37,-44.29,68.37,-44.29
59.47,-39.17,59.47,-39.17
50.67,-33.93,50.67,-33.93
41.98,-28.56,41.98,-28.56
33.42,-23.04,33.42,-23.04
25.02,-17.35,25.02,-17.35
16.78,-11.48,16.78,-11.48
8.73,-5.4,8.73,-5.4
0.9,0.9,0.9,0.9
-6.7,7.44,-6.7,7.44
-14.05,14.23,-14.05,14.23
-21.12,21.31,-21.12,21.31
-27.88,28.68,-27.88,28.68
-34.31,36.37,-34.31,36.37
-40.39,44.4,-40.39,44.4
-46.1,52.78,-46.1,52.78
-51.39,61.55,-51.39,61.55
-56.25,70.71,-56.25,70.71
-65.17,75.98,-65.17,75.98
-64.57,76.55,-64.57,76.55
-63.94,77.15,-63.94,77.15
-63.27,77.79,-63.27,77.79
-62.56,78.46,-62.56,78.46
-61.82,79.17,-61.82,79.17
-61.05,79.91,-61.05,79.91
-60.64,80.29,-60.64,80.29
620.52,-484.24,620.52,-484.24
621.21,-483.21,621.21,-483.21
621.94,-482.15,621.94,-482.15
622.69,-481.04,622.69,-481.04
623.47,-479.89,623.47,-479.89
624.29,-478.7,624.29,-478.7
625.13,-477.46,625.13,-477.46
625.56,-476.83,625.56,-476.83
625.56,-476.83,625.56,-476.83
614.75,-475.66,614.75,-475.66
604.31,-473.93,604.31,-473.93
594.2,-471.65,594.2,-471.65
584.42,-468.87,584.42,-468.87
574.94,-465.6,574.94,-465.6
565.76,-461.89,565.76,-461.89
556.85,-457.75,556.85,-457.75
548.21,-453.21,548.21,-453.21
539.81,-448.3,539.81,-448.3
531.63,-443.05,531.63,-443.05
523.68,-437.48,523.68,-437.48
515.92,-431.62,515.92,-431.62
508.35,-425.49,508.35,-425.49
500.95,-419.12,500.95,-419.12
493.71,-412.52,493.71,-412.52
486.62,-405.72,486.62,-405.72
479.66,-398.73,479.66,-398.73
472.81,-391.59,472.81,-391.59
466.07,-384.31,466.07,-384.31
459.43,-376.9,459.43,-376.9
452.86,-369.39,452.86,-369.39
446.37,-361.79,446.37,-361.79
439.93,-354.12,439.93,-354.12
433.55,-346.4,433.55,-346.4
427.2,-338.63,427.2,-338.63
420.88,-330.83,420.88,-330.83
414.57,-323.02,414.57,-323.02
408.28,-315.21,408.28,-315.21
401.98,-307.4,401.98,-307.4
395.68,-299.62,395.68,-299.62
389.36,-291.87,389.36,-291.87
383.01,-284.15,383.01,-284.15
376.63,-276.49,376.63,-276.49
370.21,-268.88,370.21,-268.88
363.74,-261.34,363.74,-261.34
357.23,-253.86,357.23,-253.86
350.65,-246.47,350.65,-246.47
344.01,-239.15,344.01,-239.15
337.3,-231.93,337.3,-231.93
330.51,-224.8,330.51,-224.8
323.65,-217.76,323.65,-217.76
316.71,-210.82,316.71,-210.82
309.68,-203.98,309.68,-203.98
302.56,-197.25,302.56,-197.25
295.36,-190.62,295.36,-190.62
288.06,-184.1,288.06,-184.1
280.67,-177.68,280.67,-177.68
273.18,-171.37,273.18,-171.37
265.6,-165.16,265.6,-165.16
257.92,-159.06,257.92,-159.06
250.14,-153.06,250.14,-153.06
242.28,-147.16,242.28,-147.16
234.31,-141.35,234.31,-141.35
226.26,-135.64,226.26,-135.64
218.11,-130.02,218.11,-130.02
209.88,-124.48,209.88,-124.48
201.56,-119.03,201.56,-119.03
193.16,-113.65,193.16,-113.65
184.69,-108.34,184.69,-108.34
176.15,-103.09,176.15,-103.09
167.53,-97.9,167.53,-97.9
158.86,-92.76,158.86,-92.76
150.13,-87.66,150.13,-87.66
141.36,-82.59,141.36,-82.59
132.55,-77.54,132.55,-77.54
123.7,-72.51,123.7,-72.51
114.83,-67.49,114.83,-67.49
105.95,-62.46,105.95,-62.46
97.06,-57.42,97.06,-57.42
88.18,-52.35,88.18,-52.35
79.32,-47.24,79.32,-47.24
70.48,-42.09,70.48,-42.09
61.69,-36.87,61.69,-36.87
52.95,-31.58,52.95,-31.58
44.28,-26.2,44.28,-26.2
35.7,-20.72,35.7,-20.72
27.21,-15.13,27.21,-15.13
18.84,-9.4,18.84,-9.4
10.59,-3.53,10.59,-3.53
2.5,2.5,2.5,2.5
-5.44,8.7,-5.44,8.7
-13.18,15.09,-13.18,15.09
-20.73,21.69,-20.73,21.69
-28.05,28.51,-28.05,28.51
-35.13,35.58,-35.13,35.58
-41.94,42.9,-41.94,42.9
-48.47,50.49,-48.47,50.49
-54.69,58.37,-54.69,58.37
-60.57,66.57,-60.57,66.57
-66.1,75.09,-66.1,75.09
-71.25,83.96,-71.25,83.96
-76.0,93.2,-76.0,93.2
-80.31,102.81,-80.31,102.81
-84.16,112.83,-84.16,112.83
-5.62,29.58,-5.62,29.58
-4.68,30.51,-4.68,30.51
-3.71,31.47,-3.71,31.47
-2.7,32.47,-2.7,32.47
-1.66,33.5,-1.66,33.5
-0.58,34.57,-0.58,34.57
0.53,35.67,0.53,35.67
1.1,36.23,1.1,36.23
626.44,-475.54,626.44,-475.54
627.35,-474.2,627.35,-474.2
628.29,-472.82,628.29,-472.82
629.26,-471.4,629.26,-471.4
630.26,-469.93,630.26,-469.93
631.28,-468.43,631.28,-468.43
632.34,-466.88,632.34,-466.88
632.88,-466.09,632.88,-466.09
632.88,-466.09,632.88,-466.09
620.09,-467.86,620.09,-467.86
608.0,-468.55,608.0,-468.55
596.56,-468.22,596.56,-468.22
585.75,-466.95,585.75,-466.95
575.51,-464.78,575.51,-464.78
565.82,-461.8,565.82,-461.8
556.64,-458.05,556.64,-458.05
547.94,-453.59,547.94,-453.59
539.67,-448.49,539.67,-448.49
531.81,-442.8,531.81,-442.8
524.32,-436.58,524.32,-436.58
517.17,-429.88,517.17,-429.88
510.32,-422.76,510.32,-422.76
503.75,-415.25,503.75,-415.25
497.42,-407.42,497.42,-407.42
491.31,-399.3,491.31,-399.3
485.38,-390.95,485.38,-390.95
479.61,-382.39,479.61,-382.39
473.97,-373.67,473.97,-373.67
468.43,-364.83,468.43,-364.83
462.98,-355.91,462.98,-355.91
457.58,-346.92,457.58,-346.92
452.22,-337.92,452.22,-337.92
446.87,-328.92,446.87,-328.92
441.5,-319.95,441.5,-319.95
436.11,-311.04,436.11,-311.04
430.68,-302.21,430.68,-302.21
425.18,-293.49,425.18,-293.49
419.59,-284.88,419.59,-284.88
413.91,-276.42,413.91,-276.42
408.12,-268.11,408.12,-268.11
402.21,-259.97,402.21,-259.97
396.15,-252.01,396.15,-252.01
389.96,-244.25,389.96,-244.25
383.6,-236.69,383.6,-236.69
377.08,-229.34,377.08,-229.34
370.38,-222.21,370.38,-222.21
363.51,-215.3,363.51,-215.3
356.44,-208.62,356.44,-208.62
349.19,-202.16,349.19,-202.16
341.75,-195.94,341.75,-195.94
334.11,-189.94,334.11,-189.94
326.27,-184.17,326.27,-184.17
318.24,-178.62,318.24,-178.62
310.01,-173.28,310.01,-173.28
301.6,-168.15,301.6,-168.15
292.99,-163.23,292.99,-163.23
284.21,-158.5,284.21,-158.5
275.25,-153.95,275.25,-153.95
266.12,-149.58,266.12,-149.58
256.84,-145.36,256.84,-145.36
247.41,-141.28,247.41,-141.28
237.84,-137.33,237.84,-137.33
228.15,-133.49,228.15,-133.49
218.35,-129.75,218.35,-129.75
208.47,-126.07,208.47,-126.07
198.51,-122.44,198.51,-122.44
188.5,-118.85,188.5,-118.85
178.45,-115.25,178.45,-115.25
168.39,-111.64,168.39,-111.64
158.35,-107.98,158.35,-107.98
148.35,-104.24,148.35,-104.24
138.41,-100.4,138.41,-100.4
128.57,-96.43,128.57,-96.43
118.85,-92.29,118.85,-92.29
109.3,-87.95,109.3,-87.95
99.93,-83.38,99.93,-83.38
90.8,-78.54,90.8,-78.54
81.93,-73.4,81.93,-73.4
73.36,-67.92,73.36,-67.92
65.15,-62.06,65.15,-62.06
57.32,-55.79,57.32,-55.79
49.92,-49.06,49.92,-49.06
43.01,-41.83,43.01,-41.83
36.62,-34.06,36.62,-34.06
30.81,-25.71,30.81,-25.71
25.63,-16.73,25.63,-16.73
21.12,-7.09,21.12,-7.09
17.35,3.26,17.35,3.26
14.36,14.36,14.36,14.36
12.21,26.26,12.21,26.26
10.97,39.0,10.97,39.0
2.27,37.38,2.27,37.38
3.47,38.57,3.47,38.57
4.71,39.79,4.71,39.79
5.98,41.04,5.98,41.04
7.28,42.33,7.28,42.33
8.62,43.65,8.62,43.65
10.0,45.01,10.0,45.01
10.7,45.7,10.7,45.7
633.97,-464.48,633.97,-464.48
635.1,-462.84,635.1,-462.84
636.26,-461.14,636.26,-461.14
637.44,-459.41,637.44,-459.41
638.65,-457.64,638.65,-457.64
639.89,-455.83,639.89,-455.83
641.16,-453.97,641.16,-453.97
641.8,-453.03,641.8,-453.03
641.8,-453.03,641.8,-453.03
627.9,-456.46,627.9,-456.46
614.74,-458.74,614.74,-458.74
602.29,-459.93,602.29,-459.93
590.5,-460.08,590.5,-460.08
579.34,-459.27,579.34,-459.27
568.78,-457.56,568.78,-457.56
558.77,-455.01,558.77,-455.01
549.29,-451.67,549.29,-451.67
540.29,-447.62,540.29,-447.62
531.74,-442.9,531.74,-442.9
523.61,-437.57,523.61,-437.57
515.87,-431.7,515.87,-431.7
508.47,-425.33,508.47,-425.33
501.39,-418.51,501.39,-418.51
494.6,-411.3,494.6,-411.3
488.06,-403.74,488.06,-403.74
481.75,-395.88,481.75,-395.88
475.64,-387.76,475.64,-387.76
469.7,-379.42,469.7,-379.42
463.9,-370.9,463.9,-370.9
458.22,-362.25,458.22,-362.25
452.63,-353.49,452.63,-353.49
447.11,-344.66,447.11,-344.66
441.63,-335.78,441.63,-335.78
436.17,-326.9,436.17,-326.9
430.72,-318.04,430.72,-318.04
425.25,-309.22,425.25,-309.22
419.74,-300.46,419.74,-300.46
414.18,-291.79,414.18,-291.79
408.55,-283.23,408.55,-283.23
402.83,-274.8,402.83,-274.8
397.01,-266.51,397.01,-266.51
391.07,-258.37,391.07,-258.37
385.01,-250.41,385.01,-250.41
378.81,-242.63,378.81,-242.63
372.46,-235.04,372.46,-235.04
365.95,-227.65,365.95,-227.65
359.28,-220.46,359.28,-220.46
352.43,-213.49,352.43,-213.49
345.41,-206.74,345.41,-206.74
338.21,-200.2,338.21,-200.2
330.82,-193.89,330.82,-193.89
323.24,-187.79,323.24,-187.79
315.47,-181.91,315.47,-181.91
307.51,-176.24,307.51,-176.24
299.37,-170.78,299.37,-170.78
291.04,-165.52,291.04,-165.52
282.53,-160.46,282.53,-160.46
273.84,-155.59,273.84,-155.59
264.98,-150.89,264.98,-150.89
255.96,-146.36,255.96,-146.36
246.79,-141.99,246.79,-141.99
237.48,-137.75,237.48,-137.75
228.03,-133.63,228.03,-133.63
218.46,-129.62,218.46,-129.62
208.8,-125.7,208.8,-125.7
199.04,-121.85,199.04,-121.85
189.21,-118.05,189.21,-118.05
179.33,-114.27,179.33,-114.27
169.43,-110.5,169.43,-110.5
159.51,-106.71,159.51,-106.71
149.6,-102.87,149.6,-102.87
139.74,-98.96,139.74,-98.96
129.94,-94.94,129.94,-94.94
120.24,-90.79,120.24,-90.79
110.66,-86.48,110.66,-86.48
101.25,-81.98,101.25,-81.98
92.02,-77.25,92.02,-77.25
83.02,-72.25,83.02,-72.25
74.28,-66.96,74.28,-66.96
65.84,-61.34,65.84,-61.34
57.75,-55.34,57.75,-55.34
50.04,-48.94,50.04,-48.94
42.76,-42.09,42.76,-42.09
35.95,-34.75,35.95,-34.75
29.66,-26.88,29.66,-26.88
23.95,-18.44,23.95,-18.44
18.85,-9.38,18.85,-9.38
14.43,0.32,14.43,0.32
10.72,10.72,10.72,10.72
7.8,21.87,7.8,21.87
5.7,33.79,5.7,33.79
4.5,46.54,4.5,46.54
4.23,60.16,4.23,60.16
-5.2,64.77,-5.2,64.77
-3.73,66.21,-3.73,66.21
-2.23,67.67,-2.23,67.67
-0.69,69.18,-0.69,69.18
0.88,70.71,0.88,70.71
2.49,72.28,2.49,72.28
4.13,73.88,4.13,73.88
4.97,74.7,4.97,74.7
643.11,-451.12,643.11,-451.12
644.45,-449.16,644.45,-449.16
645.82,-447.17,645.82,-447.17
647.22,-445.13,647.22,-445.13
648.64,-443.06,648.64,-443.06
650.09,-440.94,650.09,-440.94
651.57,-438.78,651.57,-438.78
652.32,-437.69,652.32,-437.69
652.32,-437.69,652.32,-437.69
636.96,-443.28,636.96,-443.28
622.46,-447.55,622.46,-447.55
608.77,-450.54,608.77,-450.54
595.86,-452.35,595.86,-452.35
583.69,-453.03,583.69,-453.03
572.2,-452.66,572.2,-452.66
561.37,-451.3,561.37,-451.3
551.15,-449.02,551.15,-449.02
541.5,-445.9,541.5,-445.9
532.39,-441.99,532.39,-441.99
523.76,-437.37,523.76,-437.37
515.59,-432.09,515.59,-432.09
507.83,-426.22,507.83,-426.22
500.45,-419.82,500.45,-419.82
493.41,-412.93,493.41,-412.93
486.68,-405.63,486.68,-405.63
480.22,-397.96,480.22,-397.96
474.01,-389.97,474.01,-389.97
468.0,-381.71,468.0,-381.71
462.17,-373.22,462.17,-373.22
456.49,-364.56,456.49,-364.56
450.92,-355.75,450.92,-355.75
445.45,-346.85,445.45,-346.85
440.04,-337.88,440.04,-337.88
434.66,-328.87,434.66,-328.87
429.31,-319.87,429.31,-319.87
423.95,-310.9,423.95,-310.9
418.55,-301.99,418.55,-301.99
413.11,-293.16,413.11,-293.16
407.6,-284.44,407.6,-284.44
402.0,-275.85,402.0,-275.85
396.3,-267.4,396.3,-267.4
390.48,-259.12,390.48,-259.12
384.52,-251.02,384.52,-251.02
378.42,-243.11,378.42,-243.11
372.16,-235.4,372.16,-235.4
365.74,-227.91,365.74,-227.91
359.13,-220.64,359.13,-220.64
352.35,-213.6,352.35,-213.6
345.37,-206.79,345.37,-206.79
338.19,-200.22,338.19,-200.22
330.81,-193.89,330.81,-193.89
323.23,-187.79,323.23,-187.79
315.45,-181.93,315.45,-181.93
307.46,-176.29,307.46,-176.29
299.28,-170.89,299.28,-170.89
290.89,-165.7,290.89,-165.7
282.31,-160.72,282.31,-160.72
273.54,-155.94,273.54,-155.94
264.58,-151.35,264.58,-151.35
255.46,-146.94,255.46,-146.94
246.17,-142.69,246.17,-142.69
236.74,-138.59,236.74,-138.59
227.16,-134.61,227.16,-134.61
217.47,-130.75,217.47,-130.75
207.67,-126.97,207.67,-126.97
197.79,-123.25,197.79,-123.25
187.84,-119.58,187.84,-119.58
177.84,-115.93,177.84,-115.93
167.83,-112.27,167.83,-112.27
157.82,-108.57,157.82,-108.57
147.84,-104.8,147.84,-104.8
137.92,-100.93,137.92,-100.93
128.1,-96.94,128.1,-96.94
118.4,-92.77,118.4,-92.77
108.86,-88.41,108.86,-88.41
99.52,-83.81,99.52,-83.81
90.42,-78.94,90.42,-78.94
81.6,-73.75,81.6,-73.75
73.09,-68.21,73.09,-68.21
64.95,-62.27,64.95,-62.27
57.22,-55.89,57.22,-55.89
49.95,-49.03,49.95,-49.03
43.19,-41.64,43.19,-41.64
37.0,-33.67,37.0,-33.67
31.42,-25.09,31.42,-25.09
26.51,-15.84,26.51,-15.84
22.33,-5.87,22.33,-5.87
18.94,4.85,18.94,4.85
16.39,16.39,16.39,16.39
14.75,28.78,14.75,28.78
14.08,42.09,14.08,42.09
14.44,56.34,14.44,56.34
15.89,71.6,15.89,71.6
6.66,76.35,6.66,76.35
8.39,78.04,8.39,78.04
10.15,79.76,10.15,79.76
11.95,81.51,11.95,81.51
13.78,83.29,13.78,83.29
15.64,85.11,15.64,85.11
17.54,86.97,17.54,86.97
18.5,87.91,18.5,87.91
653.85,-435.47,653.85,-435.47
655.4,-433.22,655.4,-433.22
656.97,-430.92,656.97,-430.92
658.58,-428.59,658.58,-428.59
660.22,-426.21,660.22,-426.21
661.88,-423.8,661.88,-423.8
663.57,-421.35,663.57,-421.35
664.42,-420.11,664.42,-420.11
664.42,-420.11,664.42,-420.11
647.47,-428.04,647.47,-428.04
631.49,-434.46,631.49,-434.46
616.46,-439.44,616.46,-439.44
602.32,-443.05,602.32,-443.05
589.02,-445.37,589.02,-445.37
576.52,-446.48,576.52,-446.48
564.78,-446.44,564.78,-446.44
553.74,-445.35,553.74,-445.35
543.36,-443.27,543.36,-443.27
533.6,-440.28,533.6,-440.28
524.41,-436.45,524.41,-436.45
515.75,-431.86,515.75,-431.86
507.58,-426.57,507.58,-426.57
499.85,-420.65,499.85,-420.65
492.52,-414.16,492.52,-414.16
485.55,-407.17,485.55,-407.17
478.91,-399.74,478.91,-399.74
472.56,-391.93,472.56,-391.93
466.46,-383.79,466.46,-383.79
460.57,-375.37,460.57,-375.37
454.86,-366.72,454.86,-366.72
449.3,-357.9,449.3,-357.9
443.86,-348.94,443.86,-348.94
438.5,-339.89,438.5,-339.89
433.2,-330.78,433.2,-330.78
427.94,-321.66,427.94,-321.66
422.67,-312.55,422.67,-312.55
417.38,-303.49,417.38,-303.49
412.06,-294.51,412.06,-294.51
406.66,-285.64,406.66,-285.64
401.18,-276.89,401.18,-276.89
395.59,-268.29,395.59,-268.29
389.88,-259.86,389.88,-259.86
384.04,-251.62,384.04,-251.62
378.04,-243.59,378.04,-243.59
371.87,-235.77,371.87,-235.77
365.52,-228.17,365.52,-228.17
358.99,-220.82,358.99,-220.82
352.26,-213.71,352.26,-213.71
345.32,-206.85,345.32,-206.85
338.17,-200.24,338.17,-200.24
330.81,-193.89,330.81,-193.89
323.23,-187.79,323.23,-187.79
315.43,-181.95,315.43,-181.95
307.42,-176.35,307.42,-176.35
299.19,-170.99,299.19,-170.99
290.74,-165.87,290.74,-165.87
282.09,-160.97,282.09,-160.97
273.23,-156.29,273.23,-156.29
264.19,-151.81,264.19,-151.81
254.96,-147.52,254.96,-147.52
245.56,-143.39,245.56,-143.39
236.0,-139.42,236.0,-139.42
226.31,-135.58,226.31,-135.58
216.49,-131.85,216.49,-131.85
206.56,-128.21,206.56,-128.21
196.56,-124.63,196.56,-124.63
186.49,-121.08,186.49,-121.08
176.39,-117.54,176.39,-117.54
166.28,-113.97,166.28,-113.97
156.19,-110.35,156.19,-110.35
146.15,-106.64,146.15,-106.64
136.2,-102.8,136.2,-102.8
126.38,-98.8,126.38,-98.8
116.71,-94.6,116.71,-94.6
107.24,-90.15,107.24,-90.15
98.02,-85.42,98.02,-85.42
89.08,-80.37,89.08,-80.37
80.47,-74.94,80.47,-74.94
72.25,-69.1,72.25,-69.1
64.45,-62.79,64.45,-62.79
57.15,-55.96,57.15,-55.96
50.39,-48.58,50.39,-48.58
44.22,-40.58,44.22,-40.58
38.71,-31.91,38.71,-31.91
33.93,-22.53,33.93,-22.53
29.92,-12.37,29.92,-12.37
26.76,-1.4,26.76,-1.4
24.51,10.46,24.51,10.46
23.24,23.24,23.24,23.24
23.01,37.01,23.01,37.01
23.9,51.81,23.9,51.81
25.97,67.71,25.97,67.71
29.29,84.74,29.29,84.74
77.23,42.61,77.23,42.61
79.26,44.66,79.26,44.66
81.32,46.75,81.32,46.75
83.42,48.87,83.42,48.87
85.55,51.03,85.55,51.03
87.71,53.21,87.71,53.21
89.9,55.43,89.9,55.43
91.01,56.56,91.01,56.56
666.15,-417.6,666.15,-417.6
667.91,-415.05,667.91,-415.05
669.7,-412.46,669.7,-412.46
671.52,-409.83,671.52,-409.83
673.36,-407.17,673.36,-407.17
675.23,-404.46,675.23,-404.46
677.13,-401.72,677.13,-401.72
678.08,-400.34,678.08,-400.34
678.08,-400.34,678.08,-400.34
657.88,-412.99,657.88,-412.99
639.13,-423.44,639.13,-423.44
621.78,-431.78,621.78,-431.78
605.74,-438.14,605.74,-438.14
590.93,-442.64,590.93,-442.64
577.28,-445.39,577.28,-445.39
564.72,-446.52,564.72,-446.52
553.17,-446.16,553.17,-446.16
542.56,-444.41,542.56,-444.41
532.8,-441.41,532.8,-441.41
523.84,-437.26,523.84,-437.26
515.59,-432.08,515.59,-432.08
507.99,-425.99,507.99,-425.99
500.98,-419.08,500.98,-419.08
494.48,-411.46,494.48,-411.46
488.44,-403.23,488.44,-403.23
482.78,-394.47,482.78,-394.47
477.46,-385.29,477.46,-385.29
472.42,-375.76,472.42,-375.76
467.59,-365.96,467.59,-365.96
462.93,-355.97,462.93,-355.97
458.4,-345.85,458.4,-345.85
453.93,-335.67,453.93,-335.67
449.49,-325.48,449.49,-325.48
445.03,-315.35,445.03,-315.35
440.53,-305.32,440.53,-305.32
435.93,-295.44,435.93,-295.44
431.2,-285.76,431.2,-285.76
426.32,-276.3,426.32,-276.3
421.25,-267.1,421.25,-267.1
415.97,-258.19,415.97,-258.19
410.46,-249.59,410.46,-249.59
404.69,-241.33,404.69,-241.33
398.65,-233.43,398.65,-233.43
392.31,-225.9,392.31,-225.9
385.67,-218.74,385.67,-218.74
378.72,-211.97,378.72,-211.97
371.45,-205.6,371.45,-205.6
363.86,-199.61,363.86,-199.61
355.93,-194.01,355.93,-194.01
347.68,-188.79,347.68,-188.79
339.11,-183.94,339.11,-183.94
330.22,-179.45,330.22,-179.45
321.03,-175.3,321.03,-175.3
311.54,-171.48,311.54,-171.48
301.77,-167.95,301.77,-167.95
291.74,-164.7,291.74,-164.7
281.47,-161.7,281.47,-161.7
270.99,-158.9,270.99,-158.9
260.32,-156.29,260.32,-156.29
249.49,-153.81,249.49,-153.81
238.55,-151.42,238.55,-151.42
227.53,-149.09,227.53,-149.09
216.46,-146.76,216.46,-146.76
205.41,-144.37,205.41,-144.37
194.41,-141.88,194.41,-141.88
183.51,-139.23,183.51,-139.23
172.79,-136.35,172.79,-136.35
162.29,-133.17,162.29,-133.17
152.09,-129.64,152.09,-129.64
142.24,-125.68,142.24,-125.68
132.83,-121.21,132.83,-121.21
123.93,-116.16,123.93,-116.16
115.62,-110.45,115.62,-110.45
107.98,-104.0,107.98,-104.0
101.11,-96.72,101.11,-96.72
95.09,-88.54,95.09,-88.54
90.02,-79.36,90.02,-79.36
86.0,-69.1,86.0,-69.1
83.12,-57.67,83.12,-57.67
81.49,-44.97,81.49,-44.97
81.22,-30.92,81.22,-30.92
82.4,-15.44,82.4,-15.44
85.14,1.57,85.14,1.57
89.56,20.2,89.56,20.2
95.76,40.52,95.76,40.52
103.84,62.63,103.84,62.63
93.25,58.83,93.25,58.83
95.53,61.13,95.53,61.13
97.84,63.46,97.84,63.46
100.18,65.83,100.18,65.83
102.55,68.23,102.55,68.23
104.95,70.66,104.95,70.66
107.39,73.13,107.39,73.13
108.62,74.37,108.62,74.37
680.02,-397.54,680.02,-397.54
681.99,-394.7,681.99,-394.7
683.98,-391.83,683.98,-391.83
686.0,-388.91,686.0,-388.91
688.05,-385.96,688.05,-385.96
690.13,-382.98,690.13,-382.98
692.23,-379.95,692.23,-379.95
693.29,-378.43,693.29,-378.43
693.29,-378.43,693.29,-378.43
672.71,-391.63,672.71,-391.63
653.4,-402.92,653.4,-402.92
635.29,-412.37,635.29,-412.37
618.34,-420.07,618.34,-420.07
602.48,-426.11,602.48,-426.11
587.66,-430.59,587.66,-430.59
573.82,-433.58,573.82,-433.58
560.9,-435.2,560.9,-435.2
548.85,-435.52,548.85,-435.52
537.61,-434.64,537.61,-434.64
527.12,-432.65,527.12,-432.65
517.34,-429.65,517.34,-429.65
508.2,-425.71,508.2,-425.71
499.65,-420.92,499.65,-420.92
491.64,-415.37,491.64,-415.37
484.12,-409.14,484.12,-409.14
477.04,-402.3,477.04,-402.3
470.35,-394.92,470.35,-394.92
464.01,-387.09,464.01,-387.09
457.96,-378.87,457.96,-378.87
452.17,-370.31,452.17,-370.31
446.59,-361.49,446.59,-361.49
441.19,-352.46,441.19,-352.46
435.92,-343.28,435.92,-343.28
430.75,-333.99,430.75,-333.99
425.64,-324.64,425.64,-324.64
420.56,-315.28,420.56,-315.28
415.48,-305.95,415.48,-305.95
410.36,-296.68,410.36,-296.68
405.19,-287.51,405.19,-287.51
399.92,-278.47,399.92,-278.47
394.55,-269.6,394.55,-269.6
389.05,-260.91,389.05,-260.91
383.39,-252.42,383.39,-252.42
377.57,-244.17,377.57,-244.17
371.55,-236.16,371.55,-236.16
365.33,-228.41,365.33,-228.41
358.9,-220.92,358.9,-220.92
352.24,-213.73,352.24,-213.73
345.35,-206.81,345.35,-206.81
338.22,-200.19,338.22,-200.19
330.83,-193.86,330.83,-193.86
323.2,-187.83,323.2,-187.83
315.32,-182.08,315.32,-182.08
307.19,-176.62,307.19,-176.62
298.81,-171.43,298.81,-171.43
290.19,-166.52,290.19,-166.52
281.34,-161.85,281.34,-161.85
272.26,-157.43,272.26,-157.43
262.97,-153.23,262.97,-153.23
253.47,-149.23,253.47,-149.23
243.8,-145.41,243.8,-145.41
233.96,-141.75,233.96,-141.75
223.98,-138.23,223.98,-138.23
213.88,-134.8,213.88,-134.8
203.68,-131.45,203.68,-131.45
193.42,-128.14,193.42,-128.14
183.11,-124.84,183.11,-124.84
172.81,-121.5,172.81,-121.5
162.54,-118.09,162.54,-118.09
152.35,-114.57,152.35,-114.57
142.26,-110.89,142.26,-110.89
132.34,-107.0,132.34,-107.0
122.62,-102.87,122.62,-102.87
113.16,-98.42,113.16,-98.42
104.0,-93.63,104.0,-93.63
95.21,-88.42,95.21,-88.42
86.84,-82.75,86.84,-82.75
78.95,-76.55,78.95,-76.55
71.61,-69.77,71.61,-69.77
64.88,-62.35,64.88,-62.35
58.83,-54.22,58.83,-54.22
53.54,-45.31,53.54,-45.31
49.07,-35.58,49.07,-35.58
45.51,-24.95,45.51,-24.95
42.93,-13.35,42.93,-13.35
41.4,-0.72,41.4,-0.72
41.02,13.0,41.02,13.0
41.86,27.89,41.86,27.89
44.0,44.0,44.0,44.0
47.54,61.41,47.54,61.41
52.54,80.17,52.54,80.17
59.09,100.35,59.09,100.35
67.27,122.01,67.27,122.01
59.95,128.38,59.95,128.38
62.51,130.88,62.51,130.88
65.1,133.42,65.1,133.42
67.73,135.98,67.73,135.98
70.39,138.58,70.39,138.58
73.08,141.21,73.08,141.21
75.8,143.87,75.8,143.87
77.17,145.21,77.17,145.21
695.43,-375.35,695.43,-375.35
697.6,-372.23,697.6,-372.23
699.8,-369.08,699.8,-369.08
702.03,-365.89,702.03,-365.89
704.28,-362.66,704.28,-362.66
706.56,-359.4,706.56,-359.4
708.86,-356.1,708.86,-356.1
710.02,-354.44,710.02,-354.44
710.02,-354.44,710.02,-354.44
687.47,-370.47,687.47,-370.47
666.33,-384.39,666.33,-384.39
646.53,-396.28,646.53,-396.28
628.02,-406.23,628.02,-406.23
610.74,-414.33,610.74,-414.33
594.62,-420.68,594.62,-420.68
579.6,-425.38,579.6,-425.38
565.61,-428.53,565.61,-428.53
552.6,-430.23,552.6,-430.23
540.51,-430.57,540.51,-430.57
529.26,-429.66,529.26,-429.66
518.81,-427.59,518.81,-427.59
509.09,-424.46,509.09,-424.46
500.05,-420.37,500.05,-420.37
491.61,-415.41,491.61,-415.41
483.74,-409.66,483.74,-409.66
476.37,-403.21,476.37,-403.21
469.44,-396.15,469.44,-396.15
462.92,-388.56,462.92,-388.56
456.74,-380.5,456.74,-380.5
450.86,-372.06,450.86,-372.06
445.24,-363.29,445.24,-363.29
439.82,-354.28,439.82,-354.28
434.56,-345.07,434.56,-345.07
429.42,-335.72,429.42,-335.72
424.37,-326.29,424.37,-326.29
419.37,-316.82,419.37,-316.82
414.37,-307.37,414.37,-307.37
409.35,-297.97,409.35,-297.97
404.28,-288.66,404.28,-288.66
399.13,-279.48,399.13,-279.48
393.87,-270.47,393.87,-270.47
388.47,-261.64,388.47,-261.64
382.92,-253.02,382.92,-253.02
377.19,-244.64,377.19,-244.64
371.26,-236.52,371.26,-236.52
365.12,-228.67,365.12,-228.67
358.76,-221.1,358.76,-221.1
352.15,-213.83,352.15,-213.83
345.3,-206.87,345.3,-206.87
338.2,-200.21,338.2,-200.21
330.83,-193.87,330.83,-193.87
323.2,-187.83,323.2,-187.83
315.3,-182.1,315.3,-182.1
307.14,-176.67,307.14,-176.67
298.72,-171.54,298.72,-171.54
290.04,-166.69,290.04,-166.69
281.12,-162.1,281.12,-162.1
271.96,-157.77,271.96,-157.77
262.58,-153.67,262.58,-153.67
252.99,-149.79,252.99,-149.79
243.2,-146.09,243.2,-146.09
233.26,-142.56,233.26,-142.56
223.16,-139.15,223.16,-139.15
212.95,-135.85,212.95,-135.85
202.64,-132.62,202.64,-132.62
192.28,-129.42,192.28,-129.42
181.89,-126.21,181.89,-126.21
171.51,-122.95,171.51,-122.95
161.19,-119.59,161.19,-119.59
150.96,-116.1,150.96,-116.1
140.87,-112.41,140.87,-112.41
130.98,-108.48,130.98,-108.48
121.33,-104.26,121.33,-104.26
111.99,-99.69,111.99,-99.69
103.0,-94.7,103.0,-94.7
94.43,-89.25,94.43,-89.25
86.35,-83.26,86.35,-83.26
78.82,-76.68,78.82,-76.68
71.92,-69.44,71.92,-69.44
65.72,-61.46,65.72,-61.46
60.3,-52.69,60.3,-52.69
55.73,-43.05,55.73,-43.05
52.1,-32.46,52.1,-32.46
49.48,-20.87,49.48,-20.87
47.98,-8.2,47.98,-8.2
47.66,5.63,47.66,5.63
48.63,20.69,48.63,20.69
50.97,37.04,50.97,37.04
54.76,54.76,54.76,54.76
60.1,73.92,60.1,73.92
67.08,94.58,67.08,94.58
75.79,116.82,75.79,116.82
86.3,140.69,86.3,140.69
79.94,147.91,79.94,147.91
82.74,150.65,82.74,150.65
85.57,153.42,85.57,153.42
88.44,156.22,88.44,156.22
91.33,159.05,91.33,159.05
94.26,161.91,94.26,161.91
97.22,164.8,97.22,164.8
98.71,166.26,98.71,166.26
712.37,-351.08,712.37,-351.08
714.74,-347.7,714.74,-347.7
717.14,-344.27,717.14,-344.27
719.56,-340.81,719.56,-340.81
722.01,-337.32,722.01,-337.32
724.49,-333.79,724.49,-333.79
726.99,-330.22,726.99,-330.22
728.26,-328.43,728.26,-328.43
728.26,-328.43,728.26,-328.43
703.62,-347.43,703.62,-347.43
680.54,-364.12,680.54,-364.12
658.94,-378.58,658.94,-378.58
638.78,-390.91,638.78,-390.91
619.97,-401.2,619.97,-401.2
602.45,-409.55,602.45,-409.55
586.17,-416.07,586.17,-416.07
571.03,-420.87,571.03,-420.87
556.99,-424.04,556.99,-424.04
543.97,-425.7,543.97,-425.7
531.91,-425.96,531.91,-425.96
520.73,-424.92,520.73,-424.92
510.38,-422.68,510.38,-422.68
500.78,-419.35,500.78,-419.35
491.88,-415.04,491.88,-415.04
483.61,-409.83,483.61,-409.83
475.91,-403.83,475.91,-403.83
468.73,-397.13,468.73,-397.13
461.99,-389.81,461.99,-389.81
455.66,-381.96,455.66,-381.96
449.67,-373.65,449.67,-373.65
443.97,-364.97,443.97,-364.97
438.52,-355.99,438.52,-355.99
433.26,-346.78,433.26,-346.78
428.15,-337.39,428.15,-337.39
423.14,-327.89,423.14,-327.89
418.2,-318.33,418.2,-318.33
413.29,-308.76,413.29,-308.76
408.36,-299.24,408.36,-299.24
403.39,-289.8,403.39,-289.8
398.34,-280.48,398.34,-280.48
393.18,-271.32,393.18,-271.32
387.89,-262.36,387.89,-262.36
382.44,-253.61,382.44,-253.61
376.8,-245.11,376.8,-245.11
370.97,-236.88,370.97,-236.88
364.91,-228.93,364.91,-228.93
358.61,-221.28,358.61,-221.28
352.07,-213.94,352.07,-213.94
345.26,-206.92,345.26,-206.92
338.18,-200.23,338.18,-200.23
330.83,-193.87,330.83,-193.87
323.2,-187.83,323.2,-187.83
315.29,-182.12,315.29,-182.12
307.1,-176.73,307.1,-176.73
298.63,-171.65,298.63,-171.65
289.9,-166.86,289.9,-166.86
280.9,-162.36,280.9,-162.36
271.66,-158.12,271.66,-158.12
262.19,-154.12,262.19,-154.12
252.5,-150.35,252.5,-150.35
242.61,-146.77,242.61,-146.77
232.56,-143.35,232.56,-143.35
222.35,-140.07,222.35,-140.07
212.03,-136.89,212.03,-136.89
201.62,-133.77,201.62,-133.77
191.16,-130.66,191.16,-130.66
180.69,-127.54,180.69,-127.54
170.25,-124.34,170.25,-124.34
159.88,-121.03,159.88,-121.03
149.64,-117.55,149.64,-117.55
139.57,-113.84,139.57,-113.84
129.72,-109.85,129.72,-109.85
120.17,-105.52,120.17,-105.52
110.96,-100.79,110.96,-100.79
102.17,-95.59,102.17,-95.59
93.86,-89.85,93.86,-89.85
86.11,-83.51,86.11,-83.51
78.99,-76.5,78.99,-76.5
72.58,-68.74,72.58,-68.74
66.96,-60.17,66.96,-60.17
62.22,-50.69,62.22,-50.69
58.44,-40.24,58.44,-40.24
55.71,-28.74,55.71,-28.74
54.12,-16.12,54.12,-16.12
53.77,-2.29,53.77,-2.29
54.76,12.83,54.76,12.83
57.17,29.31,57.17,29.31
61.1,47.22,61.1,47.22
66.65,66.65,66.65,66.65
73.92,87.67,73.92,87.67
83.0,110.35,83.0,110.35
93.98,134.75,93.98,134.75
106.95,160.96,106.95,160.96
101.71,169.19,101.71,169.19
104.75,172.16,104.75,172.16
107.82,175.16,107.82,175.16
110.91,178.19,110.91,178.19
114.04,181.24,114.04,181.24
117.2,184.33,117.2,184.33
120.39,187.45,120.39,187.45
122.0,189.02,122.0,189.02
728.26,-328.43,728.26,-328.43
703.51,-347.59,703.51,-347.59
680.32,-364.42,680.32,-364.42
658.64,-379.01,658.64,-379.01
638.4,-391.45,638.4,-391.45
619.53,-401.83,619.53,-401.83
601.97,-410.24,601.97,-410.24
585.65,-416.81,585.65,-416.81
570.5,-421.62,570.5,-421.62
556.46,-424.79,556.46,-424.79
543.47,-426.41,543.47,-426.41
531.44,-426.61,531.44,-426.61
520.32,-425.48,520.32,-425.48
510.05,-423.14,510.05,-423.14
500.55,-419.68,500.55,-419.68
491.76,-415.2,491.76,-415.2
483.63,-409.81,483.63,-409.81
476.08,-403.6,476.08,-403.6
469.07,-396.66,469.07,-396.66
462.53,-389.09,462.53,-389.09
456.4,-380.96,456.4,-380.96
450.64,-372.36,450.64,-372.36
445.18,-363.37,445.18,-363.37
439.99,-354.05,439.99,-354.05
435.0,-344.48,435.0,-344.48
430.18,-334.73,430.18,-334.73
425.48,-324.85,425.48,-324.85
420.85,-314.9,420.85,-314.9
416.27,-304.93,416.27,-304.93
411.68,-295.0,411.68,-295.0
407.05,-285.14,407.05,-285.14
402.36,-275.4,402.36,-275.4
397.56,-265.81,397.56,-265.81
392.64,-256.41,392.64,-256.41
387.56,-247.24,387.56,-247.24
382.29,-238.31,382.29,-238.31
376.83,-229.65,376.83,-229.65
371.14,-221.28,371.14,-221.28
365.21,-213.21,365.21,-213.21
359.03,-205.47,359.03,-205.47
352.58,-198.07,352.58,-198.07
345.85,-191.0,345.85,-191.0
338.83,-184.28,338.83,-184.28
331.52,-177.91,331.52,-177.91
323.91,-171.88,323.91,-171.88
316.01,-166.2,316.01,-166.2
307.8,-160.85,307.8,-160.85
299.31,-155.84,299.31,-155.84
290.52,-151.14,290.52,-151.14
281.46,-146.75,281.46,-146.75
272.13,-142.64,272.13,-142.64
262.55,-138.79,262.55,-138.79
252.73,-135.19,252.73,-135.19
242.69,-131.81,242.69,-131.81
232.46,-128.61,232.46,-128.61
222.05,-125.57,222.05,-125.57
211.5,-122.66,211.5,-122.66
200.84,-119.84,200.84,-119.84
190.1,-117.06,190.1,-117.06
179.32,-114.29,179.32,-114.29
168.53,-111.49,168.53,-111.49
157.78,-108.6,157.78,-108.6
147.12,-105.58,147.12,-105.58
136.6,-102.37,136.6,-102.37
126.27,-98.92,126.27,-98.92
116.18,-95.16,116.18,-95.16
106.4,-91.05,106.4,-91.05
96.99,-86.52,96.99,-86.52
88.02,-81.49,88.02,-81.49
79.55,-75.92,79.55,-75.92
71.66,-69.71,71.66,-69.71
64.42,-62.82,64.42,-62.82
57.93,-55.16,57.93,-55.16
52.24,-46.65,52.24,-46.65
47.47,-37.23,47.47,-37.23
43.68,-26.82,43.68,-26.82
40.97,-15.34,40.97,-15.34
39.44,-2.71,39.44,-2.71
39.17,11.14,39.17,11.14
40.27,26.29,40.27,26.29
42.82,42.82,42.82,42.82
648.64,-443.06,648.64,-443.06
